,MAE,MSE,RMSE,R2
linear,5.570635306242299,73.80718342096687,8.591110721028269,0.8510329259071435
random_forest,6.44467336683417,92.92415728643219,9.639717697444889,0.8124486102585533
gradient_boosting,6.061768409695612,89.38350900617394,9.454285219210067,0.8195947983428984
