MAE,MSE,RMSE,R2
6.061768409695612,89.38350900617394,9.454285219210067,0.8195947983428984
