MAE,MSE,RMSE,R2
5.570635306242299,73.80718342096687,8.591110721028269,0.8510329259071435
