MAE,MSE,RMSE,R2
6.44467336683417,92.92415728643219,9.639717697444889,0.8124486102585533
